1T,1Time Airline
Q5,40-Mile Air
AN,Ansett Australia
1B,Abacus International
ZI,Aigle Azur
AQ,Aloha Airlines
AA,American Airlines
OZ,Asiana Airlines
4K,Askari Aviation
8U,Afriqiyah Airways
G4,Allegiant Air
M3,ABSA - Aerolinhas Brasileiras
8V,Astral Aviation
8T,Air Tindi
ZY,Ada Air
JP,Adria Airways
UX,Air Europa
EM,Aero Benin
A3,Aegean Airlines
PE,Air Europe
KO,Alaska Central Express
5W,Astraeus
VV,Aerosvit Airlines
I9,Air Italy
QQ,Alliance Airlines
FG,Ariana Afghan Airlines
SU,Aeroflot Russian Airlines
JA,Air Bosna
AF,Air France
SB,Air Caledonie International
2O,Air Salone
2Q,Air Cargo Carriers
SW,Air Namibia
5D,Aerolitoral
7T,Air Glaciers
PL,Aeroper
8A,Atlas Blue
J2,Azerbaijan Airlines
U3,Avies
ED,Airblue
AB,Air Berlin
AI,Air India Limited
ZB,Air Bourbon
CC,Air Atlanta Icelandic
TN,Air Tahiti Nui
IZ,Arkia Israel Airlines
JM,Air Jamaica
AP,Air One
S2,Air Sahara
KM,Air Malta
NQ,Air Japan
4A,Air Kiribati
HP,America West Airlines
ZW,Air Wisconsin
U9,Tatarstan Airlines
VD,Air Libert
QM,Air Malawi
BM,Air Sicilia
NX,Air Macau
HM,Air Seychelles
AM,AeroMÃ©xico
NH,All Nippon Airways
YW,Air Nostrum
PX,Air Niugini
G9,Air Arabia
AC,Air Canada
BT,Air Baltic
EL,Air Nippon
TL,Airnorth
4N,Air North Charter - Canada
NZ,Air New Zealand
XM,Alitalia Express
GV,Aero Flight
JW,Arrow Air
2B,Aerocondor
4C,Aires
AR,Aerolineas Argentinas
AS,Alaska Airlines
4D,Air Sinai
EV,Atlantic Southeast Airlines
OB,Astrakhan Airlines
TC,Air Tanzania
2J,Air Burkina
FO,Airlines Of Tasmania
PJ,Air Saint Pierre
OS,Austrian Airlines
IQ,Augsburg Airways
MO,Abu Dhabi Amiri Flight
5N,Aeroflot-Nord
GR,Aurigny Air Services
AU,Austral Lineas Aereas
AV,Avianca - Aerovias Nacionales de Colombia
NF,Air Vanuatu
B9,Air Bangladesh
DR,Air Mediterranee
7E,Aeroline GmbH
6G,Air Wales
TX,Air CaraÃ¯bes
IX,Air India Express
XT,Air Exel
AK,AirAsia
3G,Atlant-Soyuz Airlines
AZ,Alitalia
Z8,Amaszonas
UM,Air Zimbabwe
R7,Aserca Airlines
FV,Rossiya-Russian Airlines
MQ,American Eagle Airlines
VU,Air Ivoire
BP,Air Botswana
GS,Air Foyle
VT,Air Tahiti
VL,Air VIA
FK,Africa West
V8,ATRAN Cargo Airlines
CA,Air China
Q6,Aero Condor Peru
CV,Air Chathams
CW,Air Marshall Islands
ZA,Access Air
AH,Air Algerie
KI,Adam Air
EN,Air Dolomiti
D9,Aeroflot-Don
NM,Air Madrid
EI,Aer Lingus
OF,Air Finland
FJ,Air Pacific
RC,Atlantic Airways
QH,Air Florida
NY,Air Iceland
2P,Air Philippines
2U,Air Guinee Express
GL,Air Greenland
5Y,Atlas Air
GG,Air Guyane
W9,Air Bagan
QK,Air Canada Jazz
KK,Atlasjet
JS,Air Koryo
KC,Air Astana
LV,Albanian Airlines
XL,Aerolane
TD,Atlantis European Airways
LK,Air Luxor
MK,Air Mauritius
MD,Air Madagascar
9U,Air Moldova
A7,Air Plus Comet
8D,Astair
AJ,Aero Contractors
OT,Aeropelican Air Services
RE,Aer Arann
UU,Air Austral
6K,Asian Spirit
RK,Air Afrique
A5,Airlinair
QL,Aero Lanka
20,Air Salone
U8,Armavia
P5,AeroRep
BF,Aero-Service
5L,Aerosur
Z3,Avient Aviation
R3,Aircompany Yakutia
VW,Aeromar
OR,Arkefly
CG,Airlines PNG
FL,AirTran Airways
TS,Air Transat
EC,Avialeasing Aviation Company
VO,Tyrolean Airways
2K,Aerolineas Galapagos (Aerogal)
6R,Alrosa Mirny Air Enterprise
BA,British Airways
BG,Biman Bangladesh Airlines
4T,Belair Airlines
UP,Bahamasair
LZ,Balkan Bulgarian Airlines
BS,British International Helicopters
PG,Bangkok Airways
KF,Blue1
JV,Bearskin Lake Air Service
B3,Bellview Airlines
BD,bmi
WW,bmibaby
CH,Bemidji Airlines
BV,Blue Panorama Airlines
8E,Bering Air
B2,Belavia Belarusian Airlines
7P,Metro Batavia
J8,Berjaya Air
QW,Blue Wings
DB,Brit Air
SN,Brussels Airlines
NT,Binter Canarias
0B,Blue Air
KJ,British Mediterranean Airways
FB,Bulgaria Air
8N,Barents AirLink
5C,CAL Cargo Air Lines
XG,Calima Aviacion
5T,Canadian North
9K,Cape Air
BW,Caribbean Airlines
V3,Carpatair
RV,Caspian Airlines
CX,Cathay Pacific
KX,Cayman Airways
5J,Cebu Pacific
C0,Centralwings
RP,Chautauqua Airlines
CI,China Airlines
MU,China Eastern Airlines
CZ,China Southern Airlines
HR,China United Airlines
3Q,Yunnan Airlines
QI,Cimber Air
C9,Cirrus Airlines
CF,City Airline
G3,City Connexion Airlines
WX,CityJet
CJ,BA CityFlyer
DQ,Coastal Air
9L,Colgan Air
OH,Comair
MN,Comair
C5,CommutAir
KR,Comores Airlines
CP,Compass Airlines
DE,Condor Flugdienst
6A,Consorcio Aviaxsa
C3,Contact Air
CO,Continental Airlines
CS,Continental Micronesia
V0,Conviasa
CM,Copa Airlines
SS,Corsairfly
XK,Corse-Mediterranee
OU,Croatia Airlines
CU,Cubana de AviaciÃ³n
CY,Cyprus Airways
YK,Cyprus Turkish Airlines
OK,Czech Airlines
DX,DAT Danish Air Transport
D3,Daallo Airlines
H8,Dalavia
0D,Darwin Airline
DL,Delta Air Lines
2A,Deutsche Bahn
D8,Djibouti Airlines
DO,Dominicana de Aviaci
E3,Domodedovo Airlines
KA,Dragonair
KB,Druk Air
DI,dba
BR,EVA Air
H7,Eagle Air
QU,East African
T3,Eastern Airways
DK,Eastland Air
WK,Edelweiss Air
MS,Egyptair
LY,El Al Israel Airlines
UZ,El-Buraq Air Transport
EK,Emirates
EU,Empresa Ecuatoriana De Aviacion
B8,Eritrean Airlines
OV,Estonian Air
ET,Ethiopian Airlines
EY,Etihad Airways
RZ,Euro Exec Express
UI,Eurocypria Airlines
GJ,Eurofly Service
K2,Eurolot
EA,European Air Express
EW,Eurowings
EZ,Evergreen International Airlines
JN,Excel Airways
EO,Express One International
XE,ExpressJet
U2,easyJet
EF,Far Eastern Air Transport
AY,Finnair
FC,Finncomm Airlines
FY,Firefly
7F,First Air
DP,First Choice Airways
B5,Flightline
RF,Florida West International Airways
D7,AirAsia X
TE,FlyLal
LF,FlyNordic
F7,Flybaboo
BE,Flybe
B4,Flyglobespan
VY,Formosa Airlines
FP,Freedom Air
F9,Frontier Airlines
2F,Frontier Flying Service
GT,GB Airways
GA,Garuda Indonesia
4G,Gazpromavia
A9,Georgian Airways
QB,Georgian National Airlines
ST,Germania
4U,Germanwings
G0,Ghana International Airlines
G8,Go Air
G7,GoJet Airlines
DC,Golden Air
ZK,Great Lakes Airlines
TA,Grupo TACA
GF,Gulf Air Bahrain
H6,Hageland Aviation Services
HU,Hainan Airlines
2T,Haiti Ambassador Airlines
4R,Hamburg International
X3,TUIfly
HF,Hapagfly
HA,Hawaiian Airlines
BH,Hawkair
8H,Heli France
JB,Helijet
T4,Hellas Jet
HW,Hello
2L,Helvetic Airways
UD,Hex'Air
HD,Hokkaido International Airlines
HX,Hong Kong Airlines
UO,Hong Kong Express Airways
QX,Horizon Air
BN,Horizon Airlines
IB,Iberia Airlines
TY,Iberworld
FW,Ibex Airlines
FI,Icelandair
IK,Imair Airlines
6E,IndiGo Airlines
IC,Indian Airlines
QZ,Indonesia AirAsia
IO,Indonesian Airlines
D6,Interair South Africa
ID,Interlink Airlines
3L,Intersky
IR,Iran Air
EP,Iran Aseman Airlines
IA,Iraqi Airways
IS,Island Airlines
8L,Cargo Plus Aviation
IF,Islas Airways
WC,Islena De Inversiones
6H,Israir
GI,Itek Air
JC,JAL Express
JO,JALways
JL,Japan Airlines
EG,Japan Asia Airways
NU,Japan Transocean Air
J9,Jazeera Airways
7C,Jeju Air
9W,Jet Airways
QJ,Jet Airways
3K,Jetstar Asia Airways
LS,Jet2.com
8J,Jet4You
B6,JetBlue Airways
JF,Jetairfly
JQ,Jetstar Airways
HO,Juneyao Airlines
KD,KD Avia
WA,KLM Cityhopper
KL,KLM Royal Dutch Airlines
RQ,Kam Air
KV,Kavminvodyavia
M5,Kenmore Air
KQ,Kenya Airways
IT,Kingfisher Airlines
Y9,Kish Air
7K,Kogalymavia Air Company
KE,Korean Air
7B,Krasnojarsky Airlines
GW,Kuban Airlines
KU,Kuwait Airways
GO,Kuzu Airlines Cargo
LR,LACSA
LA,LAN Airlines
4M,LAN Argentina
LU,LAN Express
LP,LAN Peru
LO,LOT Polish Airlines
XO,LTE International Airways
L3,LTU Austria
QV,Lao Airlines
NG,Lauda Air
LI,Leeward Islands Air Transport
LN,Libyan Arab Airlines
LM,Linhas A
JT,Lion Mentari Airlines
HE,Luftfahrtgesellschaft Walter
LH,Lufthansa
CL,Lufthansa CityLine
L5,Lufttransport
LG,Luxair
MJ,L
M7,MasAir
IN,MAT Macedonian Airlines
OM,MIAT Mongolian Airlines
MB,MNG Airlines
DM,Maersk
W5,Mahan Air
MH,Malaysia Airlines
TF,MalmÃ¶ Aviation
R5,Malta Air Charter
MA,MalÃ©v
RI,Mandala Airlines
AE,Mandarin Airlines
JE,Mango
MP,Martinair
8M,Maxair
MW,Maya Island Air
IG,Meridiana
MZ,Merpati Nusantara Airlines
YV,Mesa Airlines
XJ,Mesaba Airlines
MX,Mexicana de Aviaci
ME,Middle East Airlines
JI,Midway Airlines
YX,Midwest Airlines
MY,Midwest Airlines (Egypt)
2M,Moldavian Airlines
8I,Myway Airlines
YM,Montenegro Airlines
3R,Moskovia Airlines
M9,Motor Sich
VZ,MyTravel Airways
UB,Myanma Airways
UE,Nasair
NC,National Jet Systems
CE,Nationwide Airlines
ON,Nauru Air Corporation
RA,Nepal Airlines
1I,NetJets
EJ,New England Airlines
2N,NextJet
HG,Niki
DD,Nok Air
U7,Northern Dene Airways
NW,Northwest Airlines
J3,Northwestern Air
DY,Norwegian Air Shuttle
BJ,Nouvel Air Tunisie
XY,Nas Air
O8,Oasis Hong Kong Airlines
O6,Oceanair
O2,Oceanic Airlines
OA,Olympic Airlines
WY,Oman Air
OY,Omni Air International
8Q,Onur Air
R2,Orenburg Airlines
OX,Orient Thai Airlines
QO,Origin Pacific Airways
OL,Ostfriesische Lufttransport
OJ,Overland Airways
O7,Ozjet Airlines
PV,PAN Air
9Q,PB Air
PU,PLUNA
U4,PMTair
BL,Jetstar Pacific
8P,Pacific Coastal Airline
Q8,Pacific East Asia Cargo Airlines
LW,Pacific Wings
PK,Pakistan International Airlines
I7,Paramount Airways
PC,Pegasus Airlines
KS,Peninsula Airways
PR,Philippine Airlines
PI,Piedmont Airlines (1948-1989)
9E,Pinnacle Airlines
PH,Polynesian Airlines
PD,Porter Airlines
NI,Portugalia
BK,Potomac Air
PW,Precision Air
P0,Proflight Commuter Services
QF,Qantas
QR,Qatar Airways
R6,RACSA
FN,Regional Airlines
ZL,Regional Express
RW,Republic Airlines
RH,Republic Express Airlines
R4,Rossiya
GZ,Air Rarotonga
AT,Royal Air Maroc
BI,Royal Brunei Airlines
RJ,Royal Jordanian
WB,Rwandair Express
RD,Ryan International Airlines
FR,Ryanair
YS,RÃ©gional
S4,SATA International
SA,South African Airways
NL,Shaheen Air International
SK,Scandinavian Airlines System
S7,S7 Airlines
BB,Seaborne Airlines
UL,SriLankan Airlines
SY,Sun Country Airlines
SG,Spicejet
7G,Star Flyer
N5,Skagway Air Service
SP,SATA Air Acores
SQ,Singapore Airlines
5M,Sibaviatrans
SI,Skynet Airlines
SJ,Sriwijaya Air
ZS,Sama Airlines
FT,Siem Reap Airways
DG,South East Asian Airlines
5G,Skyservice Airlines
FS,Servicios de Transportes A
SD,Sudan Airways
SV,Saudi Arabian Airlines
WN,Southwest Airlines
A4,Southern Winds Airlines
LX,Swiss International Air Lines
SR,Swissair
WV,Swe Fly
XQ,SunExpress
RB,Syrian Arab Airlines
AL,Skywalk Airlines
SC,Shandong Airlines
9S,Spring Airlines
3U,Sichuan Airlines
FM,Shanghai Airlines
ZH,Shenzhen Airlines
7L,Sun D'Or
NE,SkyEurope
JK,Spanair
NK,Spirit Airlines
9R,SATENA
S3,Santa Barbara Airlines
H2,Sky Airline
OO,SkyWest
JZ,Skyways Express
BC,Skymark Airlines
MI,SilkAir
PY,Surinam Airways
NB,Sterling Airlines
6J,Skynet Asia Airways
IE,Solomon Airlines
6W,Saratov Aviation Division
HZ,Sat Airlines
S5,Shuttle America
DV,Scat Air
EQ,TAME
JJ,TAM Brazilian Airlines
TP,TAP Portugal
TU,Tunisair
T2,Thai Air Cargo
FQ,Thomas Cook Airlines
MT,Thomas Cook Airlines
TR,Tiger Airways
TT,Tiger Airways Australia
TG,Thai Airways International
FD,Thai AirAsia
TK,Turkish Airlines
T7,Twin Jet
3P,Tiara Air
BY,Thomsonfly
PM,Tropic Air
QT,TAMPA
GE,TransAsia Airways
HV,Transavia Holland
VR,TACV
9T,Transwest Air
UN,Transaero Airlines
T5,Turkmenistan Airlines
UG,Tuninter
QS,Travel Service
6B,TUIfly Nordic
DT,TAAG Angola Airlines
PZ,TAM Mercosur
AX,Trans States Airlines
RO,Tarom
3T,Turan Air
8R,TRIP Linhas A
U5,USA3000 Airlines
UA,United Airlines
U6,Ural Airlines
UF,UM Airlines
US,US Airways
UT,UTair Aviation
HY,Uzbekistan Airways
PS,Ukraine International Airlines
UH,US Helicopter Corporation
VF,Valuair
VN,Vietnam Airlines
NN,VIM Airlines
Y4,Volaris
VI,Volga-Dnepr Airlines
VX,Virgin America
TV,Virgin Express
VK,Virgin Nigeria Airways
VS,Virgin Atlantic Airways
ZG,Viva Macau
VE,Volare Airlines
XF,Vladivostok Air
LC,Varig Log
VA,Virgin Australia
RG,VRG Linhas Aereas
VP,VASP
VG,VLM Airlines
7W,Wayraper
WJ,WebJet Linhas A
2W,Welcome Air
8O,West Coast Air
WS,WestJet
WF,WiderÃ¸e
IV,Wind Jet
IW,Wings Air
W6,Wizz Air
8Z,Wizz Air Hungary
WO,World Airways
SE,XL Airways France
MF,Xiamen Airlines
YL,Yamal Airlines
IY,Yemenia
Z4,Zoom Airlines
\N,Tyrolean Airways
XW,Sky Express
VJ,Royal Air Cambodge
6T,Air Mandalay
BX,Air Busan
GH,Globus
9Y,Air Kazakhstan
JD,Japan Air System
DS,EasyJet (DS)
2I,Star Peru (2I)
KW,Carnival Air Lines
4H,United Airways
5H,Fly540
TO,Transavia France
WP,Island Air (WP)
B7,Uni Air
YD,Gomelavia
WZ,Red Wings
11,TUIfly (X3)
FU,Felix Airways
K1,Kostromskie avialinii
XX,Greenfly
7J,Tajik Air
TM,Air Mozambique
--,ELK Airways
GY,Gabon Airlines
ML,Maldivo Airlines
VH,Virgin Pacific
Z2,Zest Air
HK,Yangon Airways
ZE,Eastar Jet
LJ,Jin Air
3O,Air Arabia Maroc
B1,Baltic Air lines
YC,Ciel Canadien
CN,Canadian National Airways
FA,Epic Holiday
3I,Air Comet Chile
L8,Line Blue
SZ,Salzburg arrows
TQ,Texas Wings
DH,Dennis Sky
ZZ,Zz
A1,Atifly
99,Ciao Air
5P,Pal airlines
C1,CanXpress
V5,Danube Wings (V5)
SH,Sharp Airlines
C2,CanXplorer
QA,Click (Mexicana)
W1,World Experience Airline
J4,ALAK
3E,Air Choice One
KN,China United
ZQ,Locair
4Q,Safi Airlines
K5,SeaPort Airlines
S6,Salmon Air
1,Bobb Air Freight
V9,Star1 Airlines
6D,Pelita
J5,Alaska Seaplane Service
I6,MexicanaLink
IP,Island Spirit
T0,TACA Peru
7Q,Pan Am World Airways Dominicana
PF,Primera Air
3S,Air Antilles Express
P7,Regional Paraguaya
V6,VIP Ecuador
P9,Peruvian Airlines
OC,Catovair
7Z,Halcyonair
4P,Business Aviation
E9,Compagnie Africaine d\\'Aviation
K8,Zambia Skyways
UJ,AlMasria Universal Airlines
6Y,SmartLynx Airlines
K7,KoralBlue Airlines
E4,Elysian Airlines
HT,Hellenic Imperial Airways
WD,Amsterdam Airlines
Q9,Arik Niger
DA,Dana Air
8F,STP Airways
7Y,Med Airways
UQ,Skyjet Airlines
G6,Air Volga
RL,Royal Falcon
4L,Euroline
ZF,Athens Airways
VQ,Viking Hellas
DZ,Starline.kz
L7,Lugansk Airlines
6P,Gryphon Airlines
GP,Gadair European Airlines
SM,Spirit of Manila Airlines
OQ,Chongqing Airlines
PN,West Air China
1C,OneChina
Y7,NordStar Airlines
JR,Joy Air
CD,Air India Regional
9H,MDLR Airlines
Q2,Maldivian
XN,Xpressair
VC,Strategic Airlines
NA,Al-Naser Airlines
JH,Fuji Dream Airlines
5E,SGA Airlines
F8,Air2there
AO,Avianova (Russia)
PA,Parmiss Airlines (IPV)
ES,EuropeSky
GB,BRAZIL AIR
MR,Homer Air
-+,U.S. Air
;;,Wilderness Air
^^,Whitaker Air
WQ,PanAm World Airways
YY,Virginwings
KY,KSY
BQ,Buquebus LÃ­neas AÃ©reas
CQ,SOCHI AIR
WU,Wizz Air Ukraine
47,88
LQ,LCM AIRLINES
K6,Cambodia Angkor Air (K6)
69,Royal European Airlines
&T,Tom\\'s & co airliners
AD,Azul
PQ,LSM Airlines
C4,LionXpress
GK,Genesis
XZ,Congo Express
FZ,Fly Dubai
D1,Domenican Airlines
JY,Aereonautica militare
YZ,LSM AIRLINES 
UR,UTair-Express
G5,Huaxia
ZP,Zabaykalskii Airlines
M4,Marysya Airlines
N1,N1
4Z,Airlink (SAA)
3B,JobAir
BZ,Black Stallion Airways
GM,German International Air Lines
TB,TrasBrasil
TH,TransBrasil Airlines
9C,China SSS
P8,Air Mekong
H3,Harbour Air (Priv)
HH,Air Hamburg (AHO)
Z6,ZABAIKAL AIRLINES
TI,TransHolding
YT,Yeti Airways
Y1,Yellowstone Club Private Shuttle
NS,Caucasus Airlines
S1,Serbian Airlines
WM,Windward Islands Airways
YO,TransHolding System
CB,CCML Airlines
F1,Fly Brasil
1F,CB Airways UK ( Interliging Flights )
3F,Fly Colombia ( Interliging Flights )
T6,Trans Pas Air
HC,Himalayan Airlines
G1,Indya Airline Group
WG,Sunwing
ZX,Japan Regio
N0,Norte Lineas Aereas
W7,Austral Brasil
H9,PEGASUS AIRLINES-
QC,Camair-co
RS,Sky Regional
II,LSM International 
BU,Baikotovitchestrian Airlines 
L4,Luchsh Airlines 
6U,Air Cargo Germany
7M,Mongolian International Air Lines 
TW,Tway Airlines
HI,Papillon Grand Canyon Helicopters
JX,Jusur airways
XB,NEXT Brasil
W4,AeroWorld 
GN,GNB Linhas Aereas
E1,Usa Sky Cargo
HN,Hankook Airline
Z7,REDjet
PT,Red Jet Andes
QY,Red Jet Canada
4X,Red Jet Mexico
Y8,Marusya Airways
7H,Era Alaska
R8,AirRussia
H1,Hankook Air US
H5,I-Fly
KT,VickJet
XV,BVI Airways
SO,Salsa d\\'Haiti
ZJ,Zambezi Airlines (ZMA)
YQ,Polet Airlines (Priv)
12,12 North
L6,Mauritania Airlines International
6F,MAT Airways
AW,Asian Wings Airways
E5,Air Arabia Egypt
CT,Alitalia Cityliner
OI,Orchid Airlines
Y5,Asia Wings
XR,Skywest Australia
NP,Nile Air
DN,Senegal Airlines
6I,Fly 6ix
S9,Starbow Airlines
0X,Copenhagen Express
8B,BusinessAir
YR,SENIC AIRLINES
C7,Sky Wing Pacific
PP,Air Indus
MM,Peach Aviation
U1,Aviabus
DF,Michael Airlines
ZC,Korongo Airlines
I5,Indonesia Sky
B0,Aws express
76,Southjet
77,Southjet connect
78,Southjet cargo
I2,Iberia Express
4O,Interjet (ABC Aerolineas)
OG,AirOnix
NJ,Nordic Global Airlines
TZ,Scoot
5K,Hi Fly (5K)
WH,China Northwest Airlines (WH)
ZN,Zenith International Airline
O1,Orbit Airlines Azerbaijan
A6,Air Alps Aviation (A6)
P4,Patriot Airways
V2,Vision Airlines (V2)
5Q,BQB Lineas Aereas
YE,Yellowtail
KG,Royal Airways
FH,FlyHigh Airlines Ireland (FH)
2D,Aero VIP (2D)
YH,Yangon Airways Ltd.
TJ,T.J. Air
SX,SkyWork Airlines 
W2,Maastricht Airlines
24,Euro Jet
Q3,SOCHI AIR CHATER
J7,Denim Air 
OD,Malindo Air
Z9,Flightlink Tanzania
I8,IzAvia
M1,Maryland Air
7I,Insel Air (7I/INC) (Priv)
5Z,VivaColombia
ZM,Apache Air
M2,MHS Aviation GmbH
NR,Jettor Airlines
SL,Thai Lion Air
N8,National Air Cargo
13,Eastern Atlantic Virtual Airlines
QG,Citilink Indonesia
S8,Snowbird Airlines
KH,Kharkiv Airlines
XA,XAIR USA
LB,Air Costa
XP,XPTO
3W,Malawian Airlines
..,Avilu
JU,Air Serbia
LT,Air Lituanica
RN,Rainbow Air (RAI)
RY,Rainbow Air Canada
RX,Rainbow Air Polynesia
RU,Rainbow Air Euro
RM,Rainbow Air US
QD,Dobrolet
S0,Spike Airlines
L1,All Argentina
A2,All America
L9,All Asia
9A,All Africa
N4,Regionalia MÃ©xico
N9,All Europe
N7,All Spain
9N,Regional Air Iceland
8K,Voestar
7O,All Colombia
2X,Regionalia Uruguay
9X,Regionalia Venezuela
9J,Regionalia Chile
6C,Vuela Cuba
88,All Australia
ER,Fly Europa
PO,FlyPortugal
IJ,Spring Airlines Japan
KP,Dense Airways
KZ,Dense Connection
4S,Vuola Italia
1X,Island Express Air
Z0,All Argentina Express
WE,Thai Smile Airways
I4,International AirLink
RT,Real Tonga
2R,All America AR
1R,All America CL
Q4,SOCHI AIR EXPRESS
1Y,All America BR
9V,Volotea Costa Rica
X5,Fly Romania
E2,Eagle Atlantic Airlines
0Y,All America CO
0M,All America MX
FX,FOX Linhas Aereas
QP,Air Kenya (Priv)
6V,Via Conectia Airlines
E8,City Airways
DU,Norwegian Long Haul AS
M8,TransNusa Air
ZT,Tomp Airlines
J1,OneJet
0G,Global Airlines
UK,Air Vistara
1E,TransRussiaAirlines
D2,Severstal Air Company
RR,REXAIR VIRTUEL
WR,WestJet Encore
OP,Air Pegasus
9I,International Europe
ZV,V Air
4B,Boutique Air (Priv)
V7,VOLOTEA Airways
Z5,INAVIA Internacional
LE,Liberty Airways
5B,Bassaka airlines
Q7,SkyBahamas Airlines
UW,UVT Aero
3M,Silver Airways (3M)
I3,ATA Airlines (Iran)
V1,VIA LÃ­neas AÃ©reas
GX,GermanXL
FF,Fly France
EX,Europe Jet
W3,World Scale Airlines
AG,All America US
1K,BudgetAir
F5,Fly One
EE,Nordica
0P,All America BOPY
JG,Jetgo Australia
2S,Air Carnival
7R,Svyaz Rossiya
